[
{
    "model": "contenttypes.contenttype",
    "fields": {
        "app_label": "admin",
        "model": "logentry"
    }
},
{
    "model": "contenttypes.contenttype",
    "fields": {
        "app_label": "auth",
        "model": "permission"
    }
},
{
    "model": "contenttypes.contenttype",
    "fields": {
        "app_label": "auth",
        "model": "group"
    }
},
{
    "model": "contenttypes.contenttype",
    "fields": {
        "app_label": "auth",
        "model": "user"
    }
},
{
    "model": "contenttypes.contenttype",
    "fields": {
        "app_label": "contenttypes",
        "model": "contenttype"
    }
},
{
    "model": "contenttypes.contenttype",
    "fields": {
        "app_label": "sessions",
        "model": "session"
    }
},
{
    "model": "contenttypes.contenttype",
    "fields": {
        "app_label": "students",
        "model": "student"
    }
},
{
    "model": "contenttypes.contenttype",
    "fields": {
        "app_label": "students",
        "model": "group"
    }
},
{
    "model": "contenttypes.contenttype",
    "fields": {
        "app_label": "students",
        "model": "schoolyear"
    }
},
{
    "model": "contenttypes.contenttype",
    "fields": {
        "app_label": "students",
        "model": "lecture"
    }
},
{
    "model": "contenttypes.contenttype",
    "fields": {
        "app_label": "students",
        "model": "subject"
    }
},
{
    "model": "contenttypes.contenttype",
    "fields": {
        "app_label": "students",
        "model": "exam"
    }
},
{
    "model": "contenttypes.contenttype",
    "fields": {
        "app_label": "students",
        "model": "teacher"
    }
},
{
    "model": "sessions.session",
    "pk": "ehcbot3fgqxamkkxruxckz2jljjtb1je",
    "fields": {
        "session_data": "NTEzMzk0ZDNkNGE5NTNjNjYwOWFjZGI0Y2IzZDgwNmQwNDUxYzk0ZTp7Il9hdXRoX3VzZXJfaWQiOiIxIiwiX2F1dGhfdXNlcl9oYXNoIjoiZDE0Mjc4MGIzNTUzMThiZDk1ODk4NzQ3NWI0N2I1NGRmNzhmNzE5NiIsIl9hdXRoX3VzZXJfYmFja2VuZCI6ImRqYW5nby5jb250cmliLmF1dGguYmFja2VuZHMuTW9kZWxCYWNrZW5kIn0=",
        "expire_date": "2016-08-31T15:36:08"
    }
},
{
    "model": "sessions.session",
    "pk": "n6j7dvh5n0qqhfnufwy21kipqoxgjb07",
    "fields": {
        "session_data": "MDhiMDc0NGE5NzZhMmI4ZWU1MmFiMDk5Yjc3NjQ4Yjk3MTJkZTU5Nzp7Il9hdXRoX3VzZXJfaGFzaCI6IjQ2YjQyMDkyM2I5MDY2ODJiZWU2N2NlYzYzOTAwZDI3MDA4MmZhNzQiLCJfYXV0aF91c2VyX2JhY2tlbmQiOiJkamFuZ28uY29udHJpYi5hdXRoLmJhY2tlbmRzLk1vZGVsQmFja2VuZCIsIl9hdXRoX3VzZXJfaWQiOiIxIn0=",
        "expire_date": "2016-08-07T19:21:19"
    }
},
{
    "model": "students.group",
    "pk": 1,
    "fields": {
        "title": "509",
        "leader": null,
        "notes": ""
    }
},
{
    "model": "students.group",
    "pk": 2,
    "fields": {
        "title": "406",
        "leader": 16,
        "notes": ""
    }
},
{
    "model": "students.group",
    "pk": 3,
    "fields": {
        "title": "426",
        "leader": 8,
        "notes": ""
    }
},
{
    "model": "students.group",
    "pk": 5,
    "fields": {
        "title": "422",
        "leader": 2,
        "notes": ""
    }
},
{
    "model": "students.student",
    "pk": 2,
    "fields": {
        "first_name": "\u0410\u043d\u0434\u0440\u0456\u04392",
        "last_name": "\u0421\u043e\u0440\u043e\u0447\u0430\u043d2",
        "middle_name": "\u0413\u0440\u0438\u0433\u043e\u0440\u043e\u0432\u0438\u04472",
        "student_group": 5,
        "birthday": "2016-09-24",
        "photo": "",
        "ticket": "1232",
        "notes": ""
    }
},
{
    "model": "students.student",
    "pk": 3,
    "fields": {
        "first_name": "\u0410\u043d\u0434\u0440\u0456\u0439",
        "last_name": "\u0421\u043e\u0440\u043e\u0447\u0430\u043d",
        "middle_name": "\u0413\u0440\u0438\u0433\u043e\u0440\u043e\u0432\u0438\u0447",
        "student_group": 5,
        "birthday": "2016-07-24",
        "photo": "",
        "ticket": "123",
        "notes": ""
    }
},
{
    "model": "students.student",
    "pk": 5,
    "fields": {
        "first_name": "\u0410\u041d\u0414\u0420\u0406\u0419",
        "last_name": "\u0421\u041e\u0420\u041e\u0427\u0410\u041d",
        "middle_name": "\u0413\u0440\u0438\u0433\u043e\u0440\u043e\u0432\u0438\u04473",
        "student_group": 3,
        "birthday": "2016-07-24",
        "photo": "",
        "ticket": "1233",
        "notes": ""
    }
},
{
    "model": "students.student",
    "pk": 6,
    "fields": {
        "first_name": "\u0410\u043d\u0434\u0440\u0456\u04394",
        "last_name": "Sorochan4",
        "middle_name": "",
        "student_group": 2,
        "birthday": null,
        "photo": "",
        "ticket": "75",
        "notes": ""
    }
},
{
    "model": "students.student",
    "pk": 7,
    "fields": {
        "first_name": "\u0410\u043d\u0434\u0440\u0456\u04395",
        "last_name": "Jim",
        "middle_name": "",
        "student_group": 1,
        "birthday": null,
        "photo": "",
        "ticket": "65",
        "notes": ""
    }
},
{
    "model": "students.student",
    "pk": 8,
    "fields": {
        "first_name": "\u042f\u0410\u043d\u0434\u0440\u0456\u0439",
        "last_name": "\u042f\u0421\u043e\u0440\u043e\u0447\u0430\u043d",
        "middle_name": "\u042f\u0413\u0440\u0438\u0433\u043e\u0440\u043e\u0432\u0438\u0447",
        "student_group": 2,
        "birthday": "2016-10-09",
        "photo": "",
        "ticket": "999",
        "notes": ""
    }
},
{
    "model": "students.student",
    "pk": 9,
    "fields": {
        "first_name": "\u0410\u0410\u043d\u0434\u0440\u0456\u0439",
        "last_name": "\u0410\u0421\u043e\u0440\u043e\u0447\u0430\u043d",
        "middle_name": "\u0410\u0413\u0440\u0438\u0433\u043e\u0440\u043e\u0432\u0438\u0447",
        "student_group": 5,
        "birthday": "2016-08-15",
        "photo": "",
        "ticket": "1111",
        "notes": ""
    }
},
{
    "model": "students.student",
    "pk": 10,
    "fields": {
        "first_name": "\u0421\u0435\u0440\u0433\u0456\u0439",
        "last_name": "\u0412\u0430\u043d\u0456\u043d",
        "middle_name": "\u041c\u0438\u0435\u043e\u043b\u0430\u0439\u043e\u0432\u0438\u0447",
        "student_group": 5,
        "birthday": "2016-08-01",
        "photo": "",
        "ticket": "555",
        "notes": ""
    }
},
{
    "model": "students.student",
    "pk": 11,
    "fields": {
        "first_name": "Alex",
        "last_name": "Antoni",
        "middle_name": "Gi",
        "student_group": 3,
        "birthday": "2016-09-22",
        "photo": "",
        "ticket": "33",
        "notes": ""
    }
},
{
    "model": "students.student",
    "pk": 12,
    "fields": {
        "first_name": "Wiki",
        "last_name": "Pedija",
        "middle_name": "Rozumna",
        "student_group": 1,
        "birthday": "2016-08-14",
        "photo": "",
        "ticket": "1111",
        "notes": ""
    }
},
{
    "model": "students.student",
    "pk": 13,
    "fields": {
        "first_name": "Tim",
        "last_name": "Sting",
        "middle_name": "Song",
        "student_group": 1,
        "birthday": "2016-08-21",
        "photo": "",
        "ticket": "234",
        "notes": ""
    }
},
{
    "model": "students.student",
    "pk": 14,
    "fields": {
        "first_name": "Curiositi",
        "last_name": "Moon",
        "middle_name": "Sun",
        "student_group": 2,
        "birthday": "2016-09-08",
        "photo": "./tumblr_nisz4gBqia1rl53x2o2_400_SaOvCPG.png",
        "ticket": "12",
        "notes": ""
    }
},
{
    "model": "students.student",
    "pk": 15,
    "fields": {
        "first_name": "Nebo",
        "last_name": "Sune",
        "middle_name": "Zemla",
        "student_group": 2,
        "birthday": "2016-09-23",
        "photo": "./lucy_hale_png__1__by_bayanfly-d97c6lr_WOOztSA.png",
        "ticket": "1",
        "notes": ""
    }
},
{
    "model": "students.student",
    "pk": 16,
    "fields": {
        "first_name": "Olena",
        "last_name": "Dewis",
        "middle_name": "",
        "student_group": 3,
        "birthday": "2016-09-15",
        "photo": "./tumblr_mz75gxtnin1rshr5to1_500_yQf6JjP.png",
        "ticket": "3",
        "notes": ""
    }
},
{
    "model": "students.student",
    "pk": 18,
    "fields": {
        "first_name": "\u0404\u0432\u0433\u0435\u043d",
        "last_name": "\u041f\u0435\u0440\u043a\u0456\u043d",
        "middle_name": "",
        "student_group": 2,
        "birthday": "2016-11-16",
        "photo": "",
        "ticket": "1",
        "notes": ""
    }
},
{
    "model": "students.student",
    "pk": 19,
    "fields": {
        "first_name": "\u0416\u0430\u043d",
        "last_name": "\u0411\u0430\u043b\u0430\u043d",
        "middle_name": "",
        "student_group": 3,
        "birthday": "2016-11-28",
        "photo": "",
        "ticket": "1",
        "notes": ""
    }
},
{
    "model": "students.student",
    "pk": 20,
    "fields": {
        "first_name": "\u0406\u0432\u0430\u043d",
        "last_name": "\u0424\u0440\u0430\u043d\u043a\u043e",
        "middle_name": "\u042f\u043a\u043e\u0432\u0438\u0447",
        "student_group": 1,
        "birthday": "2016-09-28",
        "photo": "",
        "ticket": "234",
        "notes": ""
    }
},
{
    "model": "students.student",
    "pk": 21,
    "fields": {
        "first_name": "\u041f\u0435\u0442\u0440",
        "last_name": "\u0421\u043a\u0440\u0438\u043f\u0456\u043d",
        "middle_name": "",
        "student_group": 3,
        "birthday": "2016-08-28",
        "photo": "",
        "ticket": "234",
        "notes": ""
    }
},
{
    "model": "students.student",
    "pk": 22,
    "fields": {
        "first_name": "\u0421\u0432\u0456\u0442\u043b\u0430\u043d\u0430",
        "last_name": "\u041e\u043d\u0438\u0449\u0435\u043d\u043a\u043e",
        "middle_name": "",
        "student_group": 3,
        "birthday": "2016-10-28",
        "photo": "./tumblr_mdf2tydPTM1rhe4w0o1_500_1BvanvW.png",
        "ticket": "33",
        "notes": ""
    }
},
{
    "model": "students.student",
    "pk": 23,
    "fields": {
        "first_name": "\u041c\u0430\u043a\u0441\u0438\u043c",
        "last_name": "\u0421\u0430\u043b\u043e",
        "middle_name": "\u041f\u0435\u0442\u0440\u043e\u0432\u0438\u0447",
        "student_group": 1,
        "birthday": "1984-12-30",
        "photo": "./piTd12NabEU_X7NVWPb.jpg",
        "ticket": "15",
        "notes": ""
    }
},
{
    "model": "students.student",
    "pk": 24,
    "fields": {
        "first_name": "\u041c\u0430\u043a\u0441\u0438\u043c",
        "last_name": "\u0421\u0430\u043b\u043e",
        "middle_name": "\u041f\u0435\u0442\u0440\u043e\u0432\u0438\u0447",
        "student_group": 1,
        "birthday": "1984-12-30",
        "photo": "./piTd12NabEU_j3nBFXd.jpg",
        "ticket": "15",
        "notes": ""
    }
},
{
    "model": "students.student",
    "pk": 25,
    "fields": {
        "first_name": "A",
        "last_name": "B",
        "middle_name": "C",
        "student_group": 5,
        "birthday": "1984-01-23",
        "photo": "./tumblr_mdf2tydPTM1rhe4w0o1_500_1BvanvW_1lPfxUn.png",
        "ticket": "1",
        "notes": "ABC"
    }
},
{
    "model": "students.student",
    "pk": 26,
    "fields": {
        "first_name": "J",
        "last_name": "H",
        "middle_name": "",
        "student_group": 3,
        "birthday": "1984-12-30",
        "photo": "",
        "ticket": "12",
        "notes": ""
    }
},
{
    "model": "students.schoolyear",
    "pk": 1,
    "fields": {
        "title": "2014/2015",
        "start_year_date": "2014-09-01",
        "end_year_date": "2015-05-31",
        "notes": ""
    }
},
{
    "model": "students.schoolyear",
    "pk": 2,
    "fields": {
        "title": "2015/2016",
        "start_year_date": "2015-09-01",
        "end_year_date": "2016-05-31",
        "notes": ""
    }
},
{
    "model": "students.schoolyear",
    "pk": 3,
    "fields": {
        "title": "2016/2017",
        "start_year_date": "2016-09-01",
        "end_year_date": "2017-05-31",
        "notes": ""
    }
},
{
    "model": "students.lecture",
    "pk": 2,
    "fields": {
        "year": 3,
        "date": "2016-09-17",
        "title": 1,
        "group": 1,
        "notes": "",
        "present_students": [
            3,
            6,
            8,
            14,
            19,
            13,
            11,
            21,
            16,
            20
        ]
    }
},
{
    "model": "students.lecture",
    "pk": 3,
    "fields": {
        "year": 3,
        "date": "2016-09-13",
        "title": 1,
        "group": 2,
        "notes": "",
        "present_students": [
            2,
            5,
            8,
            15,
            11,
            16,
            20,
            18
        ]
    }
},
{
    "model": "students.lecture",
    "pk": 4,
    "fields": {
        "year": 3,
        "date": "2016-09-19",
        "title": 1,
        "group": 1,
        "notes": "",
        "present_students": [
            6,
            9,
            10,
            12,
            14,
            19,
            13,
            21,
            22,
            16,
            20
        ]
    }
},
{
    "model": "students.lecture",
    "pk": 5,
    "fields": {
        "year": 3,
        "date": "2016-09-30",
        "title": 1,
        "group": 1,
        "notes": "",
        "present_students": [
            3,
            6,
            8,
            10,
            12,
            14,
            16,
            15,
            11,
            20,
            21,
            22,
            18
        ]
    }
},
{
    "model": "students.lecture",
    "pk": 6,
    "fields": {
        "year": 3,
        "date": "2016-09-15",
        "title": 2,
        "group": 1,
        "notes": "",
        "present_students": [
            5,
            7,
            9,
            10,
            15,
            13,
            11,
            22,
            16
        ]
    }
},
{
    "model": "students.lecture",
    "pk": 7,
    "fields": {
        "year": 3,
        "date": "2016-09-09",
        "title": 1,
        "group": 1,
        "notes": "",
        "present_students": [
            3,
            6,
            8,
            10,
            19
        ]
    }
},
{
    "model": "students.lecture",
    "pk": 8,
    "fields": {
        "year": 1,
        "date": "2014-09-09",
        "title": 2,
        "group": 3,
        "notes": "",
        "present_students": [
            10,
            3,
            18,
            14,
            7,
            15,
            13,
            11,
            16
        ]
    }
},
{
    "model": "students.subject",
    "pk": 1,
    "fields": {
        "title": "\u0424\u0456\u0437\u0438\u043a\u0430",
        "date": "2016-08-18",
        "notes": ""
    }
},
{
    "model": "students.subject",
    "pk": 2,
    "fields": {
        "title": "\u0425\u0456\u043c\u0456\u044f",
        "date": "2016-08-26",
        "notes": ""
    }
},
{
    "model": "students.subject",
    "pk": 3,
    "fields": {
        "title": "\u0410\u043d\u0433\u043b\u0456\u0439\u0441\u044c\u043a\u0430",
        "date": "2017-05-25",
        "notes": ""
    }
},
{
    "model": "students.subject",
    "pk": 4,
    "fields": {
        "title": "\u041c\u0430\u0442\u0435\u0440\u0456\u0430\u043b\u043e\u0437\u043d\u0430\u0432\u0441\u0442\u0432\u043e",
        "date": "2017-05-23",
        "notes": ""
    }
},
{
    "model": "students.subject",
    "pk": 5,
    "fields": {
        "title": "\u0424\u0456\u043b\u043e\u0441\u043e\u0444\u0456\u044f",
        "date": "2017-05-17",
        "notes": ""
    }
},
{
    "model": "students.exam",
    "pk": 1,
    "fields": {
        "title": 1,
        "date_time": "2017-05-24T12:00:00",
        "tea\u0441her": 2,
        "group": 2
    }
},
{
    "model": "students.exam",
    "pk": 2,
    "fields": {
        "title": 2,
        "date_time": "2017-05-30T13:00:00",
        "tea\u0441her": 4,
        "group": 1
    }
},
{
    "model": "students.exam",
    "pk": 3,
    "fields": {
        "title": 3,
        "date_time": "2016-08-21T10:48:23",
        "tea\u0441her": 3,
        "group": 5
    }
},
{
    "model": "students.exam",
    "pk": 4,
    "fields": {
        "title": 4,
        "date_time": "2016-08-21T10:48:40",
        "tea\u0441her": 3,
        "group": 1
    }
},
{
    "model": "students.exam",
    "pk": 5,
    "fields": {
        "title": 5,
        "date_time": "2016-08-21T10:48:50",
        "tea\u0441her": 4,
        "group": 5
    }
},
{
    "model": "students.exam",
    "pk": 6,
    "fields": {
        "title": 3,
        "date_time": "2016-08-21T10:49:05",
        "tea\u0441her": 2,
        "group": 3
    }
},
{
    "model": "students.exam",
    "pk": 7,
    "fields": {
        "title": 4,
        "date_time": "2016-08-21T10:49:14",
        "tea\u0441her": 2,
        "group": 2
    }
},
{
    "model": "students.teacher",
    "pk": 2,
    "fields": {
        "first_name": "\u042f\u0440\u043e\u0441\u043b\u0430\u0432",
        "last_name": "\u041a\u043e\u0436\u0435\u0432\u0438\u0439",
        "middle_name": "\u041f\u0435\u0442\u0440\u043e\u0432\u0438\u0447",
        "salary": 7000
    }
},
{
    "model": "students.teacher",
    "pk": 3,
    "fields": {
        "first_name": "\u041c\u0430\u0440\u0456\u044f",
        "last_name": "\u041f\u0440\u0438\u0449\u0435\u043f\u043a\u0456\u043d\u0430",
        "middle_name": "\u0406\u0432\u0430\u043d\u0456\u0432\u043d\u0430",
        "salary": 6800
    }
},
{
    "model": "students.teacher",
    "pk": 4,
    "fields": {
        "first_name": "\u0410\u043d\u0434\u0440\u0456\u0439",
        "last_name": "\u0420\u0435\u043d\u043a\u0456\u043d",
        "middle_name": "\u0412\u0430\u0441\u0438\u043b\u044c\u043e\u0432\u0438\u0447",
        "salary": 7900
    }
},
{
    "model": "auth.permission",
    "fields": {
        "name": "Can add log entry",
        "content_type": [
            "admin",
            "logentry"
        ],
        "codename": "add_logentry"
    }
},
{
    "model": "auth.permission",
    "fields": {
        "name": "Can change log entry",
        "content_type": [
            "admin",
            "logentry"
        ],
        "codename": "change_logentry"
    }
},
{
    "model": "auth.permission",
    "fields": {
        "name": "Can delete log entry",
        "content_type": [
            "admin",
            "logentry"
        ],
        "codename": "delete_logentry"
    }
},
{
    "model": "auth.permission",
    "fields": {
        "name": "Can add permission",
        "content_type": [
            "auth",
            "permission"
        ],
        "codename": "add_permission"
    }
},
{
    "model": "auth.permission",
    "fields": {
        "name": "Can change permission",
        "content_type": [
            "auth",
            "permission"
        ],
        "codename": "change_permission"
    }
},
{
    "model": "auth.permission",
    "fields": {
        "name": "Can delete permission",
        "content_type": [
            "auth",
            "permission"
        ],
        "codename": "delete_permission"
    }
},
{
    "model": "auth.permission",
    "fields": {
        "name": "Can add group",
        "content_type": [
            "auth",
            "group"
        ],
        "codename": "add_group"
    }
},
{
    "model": "auth.permission",
    "fields": {
        "name": "Can change group",
        "content_type": [
            "auth",
            "group"
        ],
        "codename": "change_group"
    }
},
{
    "model": "auth.permission",
    "fields": {
        "name": "Can delete group",
        "content_type": [
            "auth",
            "group"
        ],
        "codename": "delete_group"
    }
},
{
    "model": "auth.permission",
    "fields": {
        "name": "Can add user",
        "content_type": [
            "auth",
            "user"
        ],
        "codename": "add_user"
    }
},
{
    "model": "auth.permission",
    "fields": {
        "name": "Can change user",
        "content_type": [
            "auth",
            "user"
        ],
        "codename": "change_user"
    }
},
{
    "model": "auth.permission",
    "fields": {
        "name": "Can delete user",
        "content_type": [
            "auth",
            "user"
        ],
        "codename": "delete_user"
    }
},
{
    "model": "auth.permission",
    "fields": {
        "name": "Can add content type",
        "content_type": [
            "contenttypes",
            "contenttype"
        ],
        "codename": "add_contenttype"
    }
},
{
    "model": "auth.permission",
    "fields": {
        "name": "Can change content type",
        "content_type": [
            "contenttypes",
            "contenttype"
        ],
        "codename": "change_contenttype"
    }
},
{
    "model": "auth.permission",
    "fields": {
        "name": "Can delete content type",
        "content_type": [
            "contenttypes",
            "contenttype"
        ],
        "codename": "delete_contenttype"
    }
},
{
    "model": "auth.permission",
    "fields": {
        "name": "Can add session",
        "content_type": [
            "sessions",
            "session"
        ],
        "codename": "add_session"
    }
},
{
    "model": "auth.permission",
    "fields": {
        "name": "Can change session",
        "content_type": [
            "sessions",
            "session"
        ],
        "codename": "change_session"
    }
},
{
    "model": "auth.permission",
    "fields": {
        "name": "Can delete session",
        "content_type": [
            "sessions",
            "session"
        ],
        "codename": "delete_session"
    }
},
{
    "model": "auth.permission",
    "fields": {
        "name": "Can add student",
        "content_type": [
            "students",
            "student"
        ],
        "codename": "add_student"
    }
},
{
    "model": "auth.permission",
    "fields": {
        "name": "Can change student",
        "content_type": [
            "students",
            "student"
        ],
        "codename": "change_student"
    }
},
{
    "model": "auth.permission",
    "fields": {
        "name": "Can delete student",
        "content_type": [
            "students",
            "student"
        ],
        "codename": "delete_student"
    }
},
{
    "model": "auth.permission",
    "fields": {
        "name": "Can add \u0413\u0440\u0443\u043f\u0430",
        "content_type": [
            "students",
            "group"
        ],
        "codename": "add_group"
    }
},
{
    "model": "auth.permission",
    "fields": {
        "name": "Can change \u0413\u0440\u0443\u043f\u0430",
        "content_type": [
            "students",
            "group"
        ],
        "codename": "change_group"
    }
},
{
    "model": "auth.permission",
    "fields": {
        "name": "Can delete \u0413\u0440\u0443\u043f\u0430",
        "content_type": [
            "students",
            "group"
        ],
        "codename": "delete_group"
    }
},
{
    "model": "auth.permission",
    "fields": {
        "name": "Can add \u041d\u0430\u0432\u0447\u0430\u043b\u044c\u043d\u0438\u0439 \u0440\u0456\u043a",
        "content_type": [
            "students",
            "schoolyear"
        ],
        "codename": "add_schoolyear"
    }
},
{
    "model": "auth.permission",
    "fields": {
        "name": "Can change \u041d\u0430\u0432\u0447\u0430\u043b\u044c\u043d\u0438\u0439 \u0440\u0456\u043a",
        "content_type": [
            "students",
            "schoolyear"
        ],
        "codename": "change_schoolyear"
    }
},
{
    "model": "auth.permission",
    "fields": {
        "name": "Can delete \u041d\u0430\u0432\u0447\u0430\u043b\u044c\u043d\u0438\u0439 \u0440\u0456\u043a",
        "content_type": [
            "students",
            "schoolyear"
        ],
        "codename": "delete_schoolyear"
    }
},
{
    "model": "auth.permission",
    "fields": {
        "name": "Can add \u041f\u0435\u0440\u0435\u043b\u0456\u043a \u0437\u0430\u043d\u044f\u0442\u044c",
        "content_type": [
            "students",
            "lecture"
        ],
        "codename": "add_lecture"
    }
},
{
    "model": "auth.permission",
    "fields": {
        "name": "Can change \u041f\u0435\u0440\u0435\u043b\u0456\u043a \u0437\u0430\u043d\u044f\u0442\u044c",
        "content_type": [
            "students",
            "lecture"
        ],
        "codename": "change_lecture"
    }
},
{
    "model": "auth.permission",
    "fields": {
        "name": "Can delete \u041f\u0435\u0440\u0435\u043b\u0456\u043a \u0437\u0430\u043d\u044f\u0442\u044c",
        "content_type": [
            "students",
            "lecture"
        ],
        "codename": "delete_lecture"
    }
},
{
    "model": "auth.permission",
    "fields": {
        "name": "Can add \u041f\u0440\u0435\u0434\u043c\u0435\u0442",
        "content_type": [
            "students",
            "subject"
        ],
        "codename": "add_subject"
    }
},
{
    "model": "auth.permission",
    "fields": {
        "name": "Can change \u041f\u0440\u0435\u0434\u043c\u0435\u0442",
        "content_type": [
            "students",
            "subject"
        ],
        "codename": "change_subject"
    }
},
{
    "model": "auth.permission",
    "fields": {
        "name": "Can delete \u041f\u0440\u0435\u0434\u043c\u0435\u0442",
        "content_type": [
            "students",
            "subject"
        ],
        "codename": "delete_subject"
    }
},
{
    "model": "auth.permission",
    "fields": {
        "name": "Can add \u0415\u043a\u0437\u0430\u043c\u0435\u043d",
        "content_type": [
            "students",
            "exam"
        ],
        "codename": "add_exam"
    }
},
{
    "model": "auth.permission",
    "fields": {
        "name": "Can change \u0415\u043a\u0437\u0430\u043c\u0435\u043d",
        "content_type": [
            "students",
            "exam"
        ],
        "codename": "change_exam"
    }
},
{
    "model": "auth.permission",
    "fields": {
        "name": "Can delete \u0415\u043a\u0437\u0430\u043c\u0435\u043d",
        "content_type": [
            "students",
            "exam"
        ],
        "codename": "delete_exam"
    }
},
{
    "model": "auth.permission",
    "fields": {
        "name": "Can add \u0412\u0438\u043a\u043b\u0430\u0434\u0430\u0447",
        "content_type": [
            "students",
            "teacher"
        ],
        "codename": "add_teacher"
    }
},
{
    "model": "auth.permission",
    "fields": {
        "name": "Can change \u0412\u0438\u043a\u043b\u0430\u0434\u0430\u0447",
        "content_type": [
            "students",
            "teacher"
        ],
        "codename": "change_teacher"
    }
},
{
    "model": "auth.permission",
    "fields": {
        "name": "Can delete \u0412\u0438\u043a\u043b\u0430\u0434\u0430\u0447",
        "content_type": [
            "students",
            "teacher"
        ],
        "codename": "delete_teacher"
    }
},
{
    "model": "auth.user",
    "fields": {
        "password": "pbkdf2_sha256$24000$651RvcbtujFC$foROaHeKtLOwNvFT5IC+Yz/mWhzdrDjB7JxX0EBqkWk=",
        "last_login": "2016-08-17T15:36:08",
        "is_superuser": true,
        "username": "admin",
        "first_name": "",
        "last_name": "",
        "email": "xai_kbu@ukr.net",
        "is_staff": true,
        "is_active": true,
        "date_joined": "2016-07-24T19:20:12",
        "groups": [],
        "user_permissions": []
    }
},
{
    "model": "admin.logentry",
    "pk": 1,
    "fields": {
        "action_time": "2016-07-26T18:11:21",
        "user": [
            "admin"
        ],
        "content_type": [
            "students",
            "student"
        ],
        "object_id": "7",
        "object_repr": "\u0410\u043d\u0434\u0440\u0456\u04395 Jim",
        "action_flag": 2,
        "change_message": "Changed ticket."
    }
},
{
    "model": "admin.logentry",
    "pk": 2,
    "fields": {
        "action_time": "2016-07-26T18:11:24",
        "user": [
            "admin"
        ],
        "content_type": [
            "students",
            "student"
        ],
        "object_id": "7",
        "object_repr": "\u0410\u043d\u0434\u0440\u0456\u04395 Jim",
        "action_flag": 2,
        "change_message": "No fields changed."
    }
},
{
    "model": "admin.logentry",
    "pk": 3,
    "fields": {
        "action_time": "2016-07-26T18:11:31",
        "user": [
            "admin"
        ],
        "content_type": [
            "students",
            "student"
        ],
        "object_id": "5",
        "object_repr": "\u0410\u041d\u0414\u0420\u0406\u0419 \u0421\u041e\u0420\u041e\u0427\u0410\u041d",
        "action_flag": 2,
        "change_message": "No fields changed."
    }
},
{
    "model": "admin.logentry",
    "pk": 4,
    "fields": {
        "action_time": "2016-07-26T18:11:54",
        "user": [
            "admin"
        ],
        "content_type": [
            "students",
            "student"
        ],
        "object_id": "6",
        "object_repr": "\u0410\u043d\u0434\u0440\u0456\u04394 Sorochan4",
        "action_flag": 2,
        "change_message": "Changed ticket."
    }
},
{
    "model": "admin.logentry",
    "pk": 5,
    "fields": {
        "action_time": "2016-07-26T19:59:05",
        "user": [
            "admin"
        ],
        "content_type": [
            "students",
            "student"
        ],
        "object_id": "2",
        "object_repr": "\u0410\u043d\u0434\u0440\u0456\u04392 \u0421\u043e\u0440\u043e\u0447\u0430\u043d2",
        "action_flag": 2,
        "change_message": "Changed photo."
    }
},
{
    "model": "admin.logentry",
    "pk": 6,
    "fields": {
        "action_time": "2016-07-26T20:09:19",
        "user": [
            "admin"
        ],
        "content_type": [
            "students",
            "student"
        ],
        "object_id": "5",
        "object_repr": "\u0410\u041d\u0414\u0420\u0406\u0419 \u0421\u041e\u0420\u041e\u0427\u0410\u041d",
        "action_flag": 2,
        "change_message": "Changed photo."
    }
},
{
    "model": "admin.logentry",
    "pk": 7,
    "fields": {
        "action_time": "2016-07-26T20:09:26",
        "user": [
            "admin"
        ],
        "content_type": [
            "students",
            "student"
        ],
        "object_id": "6",
        "object_repr": "\u0410\u043d\u0434\u0440\u0456\u04394 Sorochan4",
        "action_flag": 2,
        "change_message": "Changed photo."
    }
},
{
    "model": "admin.logentry",
    "pk": 8,
    "fields": {
        "action_time": "2016-07-26T20:09:40",
        "user": [
            "admin"
        ],
        "content_type": [
            "students",
            "student"
        ],
        "object_id": "3",
        "object_repr": "\u0410\u043d\u0434\u0440\u0456\u0439 \u0421\u043e\u0440\u043e\u0447\u0430\u043d",
        "action_flag": 2,
        "change_message": "Changed photo."
    }
},
{
    "model": "admin.logentry",
    "pk": 9,
    "fields": {
        "action_time": "2016-07-26T20:09:53",
        "user": [
            "admin"
        ],
        "content_type": [
            "students",
            "student"
        ],
        "object_id": "7",
        "object_repr": "\u0410\u043d\u0434\u0440\u0456\u04395 Jim",
        "action_flag": 2,
        "change_message": "No fields changed."
    }
},
{
    "model": "admin.logentry",
    "pk": 10,
    "fields": {
        "action_time": "2016-07-26T20:36:32",
        "user": [
            "admin"
        ],
        "content_type": [
            "students",
            "student"
        ],
        "object_id": "5",
        "object_repr": "\u0410\u041d\u0414\u0420\u0406\u0419 \u0421\u041e\u0420\u041e\u0427\u0410\u041d",
        "action_flag": 2,
        "change_message": "Changed photo."
    }
},
{
    "model": "admin.logentry",
    "pk": 11,
    "fields": {
        "action_time": "2016-08-06T09:25:06",
        "user": [
            "admin"
        ],
        "content_type": [
            "students",
            "student"
        ],
        "object_id": "8",
        "object_repr": "\u042f\u0410\u043d\u0434\u0440\u0456\u0439 \u042f\u0421\u043e\u0440\u043e\u0447\u0430\u043d",
        "action_flag": 1,
        "change_message": ""
    }
},
{
    "model": "admin.logentry",
    "pk": 12,
    "fields": {
        "action_time": "2016-08-06T09:25:48",
        "user": [
            "admin"
        ],
        "content_type": [
            "students",
            "student"
        ],
        "object_id": "9",
        "object_repr": "\u0410\u0410\u043d\u0434\u0440\u0456\u0439 \u0410\u0421\u043e\u0440\u043e\u0447\u0430\u043d",
        "action_flag": 1,
        "change_message": ""
    }
},
{
    "model": "admin.logentry",
    "pk": 13,
    "fields": {
        "action_time": "2016-08-06T17:52:32",
        "user": [
            "admin"
        ],
        "content_type": [
            "students",
            "student"
        ],
        "object_id": "10",
        "object_repr": "\u0421\u0435\u0440\u0433\u0456\u0439 \u0412\u0430\u043d\u0456\u043d",
        "action_flag": 1,
        "change_message": ""
    }
},
{
    "model": "admin.logentry",
    "pk": 14,
    "fields": {
        "action_time": "2016-08-06T17:53:23",
        "user": [
            "admin"
        ],
        "content_type": [
            "students",
            "student"
        ],
        "object_id": "11",
        "object_repr": "Alex Antoni",
        "action_flag": 1,
        "change_message": ""
    }
},
{
    "model": "admin.logentry",
    "pk": 15,
    "fields": {
        "action_time": "2016-08-06T17:53:54",
        "user": [
            "admin"
        ],
        "content_type": [
            "students",
            "student"
        ],
        "object_id": "12",
        "object_repr": "Wiki Pedija",
        "action_flag": 1,
        "change_message": ""
    }
},
{
    "model": "admin.logentry",
    "pk": 16,
    "fields": {
        "action_time": "2016-08-06T17:54:37",
        "user": [
            "admin"
        ],
        "content_type": [
            "students",
            "student"
        ],
        "object_id": "13",
        "object_repr": "Tim Sting",
        "action_flag": 1,
        "change_message": ""
    }
},
{
    "model": "admin.logentry",
    "pk": 17,
    "fields": {
        "action_time": "2016-08-06T17:55:37",
        "user": [
            "admin"
        ],
        "content_type": [
            "students",
            "student"
        ],
        "object_id": "14",
        "object_repr": "Curiositi Moon",
        "action_flag": 1,
        "change_message": ""
    }
},
{
    "model": "admin.logentry",
    "pk": 18,
    "fields": {
        "action_time": "2016-08-06T17:56:10",
        "user": [
            "admin"
        ],
        "content_type": [
            "students",
            "student"
        ],
        "object_id": "15",
        "object_repr": "Nebo Sune",
        "action_flag": 1,
        "change_message": ""
    }
},
{
    "model": "admin.logentry",
    "pk": 19,
    "fields": {
        "action_time": "2016-08-07T10:53:21",
        "user": [
            "admin"
        ],
        "content_type": [
            "students",
            "student"
        ],
        "object_id": "10",
        "object_repr": "\u0421\u0435\u0440\u0433\u0456\u0439 \u0412\u0430\u043d\u0456\u043d",
        "action_flag": 2,
        "change_message": "Changed photo."
    }
},
{
    "model": "admin.logentry",
    "pk": 20,
    "fields": {
        "action_time": "2016-08-07T10:53:48",
        "user": [
            "admin"
        ],
        "content_type": [
            "students",
            "student"
        ],
        "object_id": "7",
        "object_repr": "\u0410\u043d\u0434\u0440\u0456\u04395 Jim",
        "action_flag": 2,
        "change_message": "Changed photo."
    }
},
{
    "model": "admin.logentry",
    "pk": 21,
    "fields": {
        "action_time": "2016-08-07T16:30:35",
        "user": [
            "admin"
        ],
        "content_type": [
            "students",
            "student"
        ],
        "object_id": "19",
        "object_repr": "\u0414\u0440\u0443\u0433\u0438\u0439 \u0432 MTV2 \u0414\u0440. \u041f\u0435\u0440\u0448\u043e\u0433\u043e",
        "action_flag": 2,
        "change_message": "Changed student_group."
    }
},
{
    "model": "admin.logentry",
    "pk": 22,
    "fields": {
        "action_time": "2016-08-07T16:35:34",
        "user": [
            "admin"
        ],
        "content_type": [
            "students",
            "group"
        ],
        "object_id": "4",
        "object_repr": "MTV2  (\u0410\u0410\u043d\u0434\u0440\u0456\u0439,\u0410\u0421\u043e\u0440\u043e\u0447\u0430\u043d)",
        "action_flag": 3,
        "change_message": ""
    }
},
{
    "model": "admin.logentry",
    "pk": 23,
    "fields": {
        "action_time": "2016-08-07T16:37:02",
        "user": [
            "admin"
        ],
        "content_type": [
            "students",
            "student"
        ],
        "object_id": "16",
        "object_repr": "Olena Dewis",
        "action_flag": 2,
        "change_message": "Changed student_group."
    }
},
{
    "model": "admin.logentry",
    "pk": 24,
    "fields": {
        "action_time": "2016-08-17T15:36:25",
        "user": [
            "admin"
        ],
        "content_type": [
            "students",
            "schoolyear"
        ],
        "object_id": "1",
        "object_repr": "2014/2015 (2014-09-01 : 2015-05-31)",
        "action_flag": 1,
        "change_message": "Added."
    }
},
{
    "model": "admin.logentry",
    "pk": 25,
    "fields": {
        "action_time": "2016-08-17T15:36:34",
        "user": [
            "admin"
        ],
        "content_type": [
            "students",
            "schoolyear"
        ],
        "object_id": "2",
        "object_repr": "2015/2016 (2015-09-01 : 2016-05-31)",
        "action_flag": 1,
        "change_message": "Added."
    }
},
{
    "model": "admin.logentry",
    "pk": 26,
    "fields": {
        "action_time": "2016-08-17T15:36:51",
        "user": [
            "admin"
        ],
        "content_type": [
            "students",
            "schoolyear"
        ],
        "object_id": "3",
        "object_repr": "2016/2017 (2016-09-01 : 2017-05-31)",
        "action_flag": 1,
        "change_message": "Added."
    }
},
{
    "model": "admin.logentry",
    "pk": 27,
    "fields": {
        "action_time": "2016-08-17T15:38:46",
        "user": [
            "admin"
        ],
        "content_type": [
            "students",
            "subject"
        ],
        "object_id": "1",
        "object_repr": "\u0424\u0456\u0437\u0438\u043a\u0430",
        "action_flag": 1,
        "change_message": "Added."
    }
},
{
    "model": "admin.logentry",
    "pk": 28,
    "fields": {
        "action_time": "2016-08-17T15:38:59",
        "user": [
            "admin"
        ],
        "content_type": [
            "students",
            "subject"
        ],
        "object_id": "2",
        "object_repr": "\u0425\u0456\u043c\u0456\u044f",
        "action_flag": 1,
        "change_message": "Added."
    }
},
{
    "model": "admin.logentry",
    "pk": 29,
    "fields": {
        "action_time": "2016-08-17T16:07:46",
        "user": [
            "admin"
        ],
        "content_type": [
            "students",
            "lecture"
        ],
        "object_id": "1",
        "object_repr": "\u0424\u0456\u0437\u0438\u043a\u0430 (2014-09-08)([<Student: \u0410\u043d\u0434\u0440\u0456\u0439 \u0421\u043e\u0440\u043e\u0447\u0430\u043d>, <Student: \u0410\u041d\u0414\u0420\u0406\u0419 \u0421\u041e\u0420\u041e\u0427\u0410\u041d>, <Student: \u0410\u043d\u0434\u0440\u0456\u04394 Sorochan4>, <Student: \u042f\u0410\u043d\u0434\u0440\u0456\u0439 \u042f\u0421\u043e\u0440\u043e\u0447\u0430\u043d>, <Student: \u0410\u0410\u043d\u0434\u0440\u0456\u0439 \u0410\u0421\u043e\u0440\u043e\u0447\u0430\u043d>])",
        "action_flag": 1,
        "change_message": "Added."
    }
},
{
    "model": "admin.logentry",
    "pk": 30,
    "fields": {
        "action_time": "2016-08-17T16:10:29",
        "user": [
            "admin"
        ],
        "content_type": [
            "students",
            "lecture"
        ],
        "object_id": "1",
        "object_repr": "\u0424\u0456\u0437\u0438\u043a\u0430 (2014-09-08)([<Student: \u0410\u043d\u0434\u0440\u0456\u0439 \u0421\u043e\u0440\u043e\u0447\u0430\u043d>, <Student: \u0410\u041d\u0414\u0420\u0406\u0419 \u0421\u041e\u0420\u041e\u0427\u0410\u041d>, <Student: \u0410\u043d\u0434\u0440\u0456\u04394 Sorochan4>, <Student: \u042f\u0410\u043d\u0434\u0440\u0456\u0439 \u042f\u0421\u043e\u0440\u043e\u0447\u0430\u043d>, <Student: \u0410\u0410\u043d\u0434\u0440\u0456\u0439 \u0410\u0421\u043e\u0440\u043e\u0447\u0430\u043d>])",
        "action_flag": 3,
        "change_message": ""
    }
},
{
    "model": "admin.logentry",
    "pk": 31,
    "fields": {
        "action_time": "2016-08-17T16:14:04",
        "user": [
            "admin"
        ],
        "content_type": [
            "students",
            "lecture"
        ],
        "object_id": "2",
        "object_repr": "\u0424\u0456\u0437\u0438\u043a\u0430 (2014-09-17)([<Student: \u0410\u043d\u0434\u0440\u0456\u0439 \u0421\u043e\u0440\u043e\u0447\u0430\u043d>, <Student: \u0410\u043d\u0434\u0440\u0456\u04394 Sorochan4>, <Student: \u042f\u0410\u043d\u0434\u0440\u0456\u0439 \u042f\u0421\u043e\u0440\u043e\u0447\u0430\u043d>])",
        "action_flag": 1,
        "change_message": "Added."
    }
},
{
    "model": "admin.logentry",
    "pk": 32,
    "fields": {
        "action_time": "2016-08-17T16:35:54",
        "user": [
            "admin"
        ],
        "content_type": [
            "students",
            "student"
        ],
        "object_id": "13",
        "object_repr": "Tim Sting",
        "action_flag": 2,
        "change_message": "Changed student_group."
    }
},
{
    "model": "admin.logentry",
    "pk": 33,
    "fields": {
        "action_time": "2016-08-17T16:36:02",
        "user": [
            "admin"
        ],
        "content_type": [
            "students",
            "student"
        ],
        "object_id": "12",
        "object_repr": "Wiki Pedija",
        "action_flag": 2,
        "change_message": "Changed student_group."
    }
},
{
    "model": "admin.logentry",
    "pk": 34,
    "fields": {
        "action_time": "2016-08-17T16:37:27",
        "user": [
            "admin"
        ],
        "content_type": [
            "students",
            "student"
        ],
        "object_id": "7",
        "object_repr": "\u0410\u043d\u0434\u0440\u0456\u04395 Jim",
        "action_flag": 2,
        "change_message": "Changed student_group."
    }
},
{
    "model": "admin.logentry",
    "pk": 35,
    "fields": {
        "action_time": "2016-08-17T16:37:52",
        "user": [
            "admin"
        ],
        "content_type": [
            "students",
            "student"
        ],
        "object_id": "7",
        "object_repr": "\u0410\u043d\u0434\u0440\u0456\u04395 Jim",
        "action_flag": 2,
        "change_message": "No fields changed."
    }
},
{
    "model": "admin.logentry",
    "pk": 36,
    "fields": {
        "action_time": "2016-08-17T17:17:45",
        "user": [
            "admin"
        ],
        "content_type": [
            "students",
            "lecture"
        ],
        "object_id": "3",
        "object_repr": "\u0424\u0456\u0437\u0438\u043a\u0430 (2016-09-13)([<Student: \u0410\u043d\u0434\u0440\u0456\u04392 \u0421\u043e\u0440\u043e\u0447\u0430\u043d2>, <Student: \u0410\u043d\u0434\u0440\u0456\u0439 \u0421\u043e\u0440\u043e\u0447\u0430\u043d>, <Student: \u0410\u041d\u0414\u0420\u0406\u0419 \u0421\u041e\u0420\u041e\u0427\u0410\u041d>, <Student: \u0410\u043d\u0434\u0440\u0456\u04394 Sorochan4>, <Student: \u0410\u043d\u0434\u0440\u0456\u04395 Jim>, <Student: \u042f\u0410\u043d\u0434\u0440\u0456\u0439 \u042f\u0421\u043e\u0440\u043e\u0447\u0430\u043d>, <Student: \u0410\u0410\u043d",
        "action_flag": 1,
        "change_message": "Added."
    }
},
{
    "model": "admin.logentry",
    "pk": 37,
    "fields": {
        "action_time": "2016-08-17T17:42:08",
        "user": [
            "admin"
        ],
        "content_type": [
            "students",
            "lecture"
        ],
        "object_id": "3",
        "object_repr": "\u0424\u0456\u0437\u0438\u043a\u0430 (2016-09-13)([<Student: \u0410\u043d\u0434\u0440\u0456\u04392 \u0421\u043e\u0440\u043e\u0447\u0430\u043d2>, <Student: \u0410\u041d\u0414\u0420\u0406\u0419 \u0421\u041e\u0420\u041e\u0427\u0410\u041d>, <Student: \u042f\u0410\u043d\u0434\u0440\u0456\u0439 \u042f\u0421\u043e\u0440\u043e\u0447\u0430\u043d>])",
        "action_flag": 2,
        "change_message": "Changed present_students."
    }
},
{
    "model": "admin.logentry",
    "pk": 38,
    "fields": {
        "action_time": "2016-08-17T17:42:46",
        "user": [
            "admin"
        ],
        "content_type": [
            "students",
            "lecture"
        ],
        "object_id": "4",
        "object_repr": "\u0424\u0456\u0437\u0438\u043a\u0430 (2016-09-19)([<Student: \u0410\u043d\u0434\u0440\u0456\u04394 Sorochan4>, <Student: \u0410\u0410\u043d\u0434\u0440\u0456\u0439 \u0410\u0421\u043e\u0440\u043e\u0447\u0430\u043d>, <Student: \u0421\u0435\u0440\u0433\u0456\u0439 \u0412\u0430\u043d\u0456\u043d>, <Student: Wiki Pedija>, <Student: Curiositi Moon>])",
        "action_flag": 1,
        "change_message": "Added."
    }
},
{
    "model": "admin.logentry",
    "pk": 39,
    "fields": {
        "action_time": "2016-08-17T17:45:08",
        "user": [
            "admin"
        ],
        "content_type": [
            "students",
            "student"
        ],
        "object_id": "14",
        "object_repr": "Curiositi Moon",
        "action_flag": 2,
        "change_message": "Changed student_group, birthday and lectures."
    }
},
{
    "model": "admin.logentry",
    "pk": 40,
    "fields": {
        "action_time": "2016-08-17T17:46:30",
        "user": [
            "admin"
        ],
        "content_type": [
            "students",
            "lecture"
        ],
        "object_id": "5",
        "object_repr": "\u0424\u0456\u0437\u0438\u043a\u0430 (2016-09-30)([<Student: \u0410\u043d\u0434\u0440\u0456\u0439 \u0421\u043e\u0440\u043e\u0447\u0430\u043d>, <Student: \u0410\u043d\u0434\u0440\u0456\u04394 Sorochan4>, <Student: \u042f\u0410\u043d\u0434\u0440\u0456\u0439 \u042f\u0421\u043e\u0440\u043e\u0447\u0430\u043d>, <Student: \u0421\u0435\u0440\u0433\u0456\u0439 \u0412\u0430\u043d\u0456\u043d>, <Student: Wiki Pedija>, <Student: Curiositi Moon>, <Student: Olena D",
        "action_flag": 1,
        "change_message": "Added."
    }
},
{
    "model": "admin.logentry",
    "pk": 41,
    "fields": {
        "action_time": "2016-08-17T17:46:47",
        "user": [
            "admin"
        ],
        "content_type": [
            "students",
            "lecture"
        ],
        "object_id": "6",
        "object_repr": "\u0425\u0456\u043c\u0456\u044f (2016-09-15)([<Student: \u0410\u041d\u0414\u0420\u0406\u0419 \u0421\u041e\u0420\u041e\u0427\u0410\u041d>, <Student: \u0410\u043d\u0434\u0440\u0456\u04395 Jim>, <Student: \u0410\u0410\u043d\u0434\u0440\u0456\u0439 \u0410\u0421\u043e\u0440\u043e\u0447\u0430\u043d>, <Student: \u0421\u0435\u0440\u0433\u0456\u0439 \u0412\u0430\u043d\u0456\u043d>])",
        "action_flag": 1,
        "change_message": "Added."
    }
},
{
    "model": "admin.logentry",
    "pk": 42,
    "fields": {
        "action_time": "2016-08-17T17:47:07",
        "user": [
            "admin"
        ],
        "content_type": [
            "students",
            "lecture"
        ],
        "object_id": "7",
        "object_repr": "\u0424\u0456\u0437\u0438\u043a\u0430 (2016-09-19)([<Student: \u0410\u043d\u0434\u0440\u0456\u0439 \u0421\u043e\u0440\u043e\u0447\u0430\u043d>, <Student: \u0410\u043d\u0434\u0440\u0456\u04394 Sorochan4>, <Student: \u042f\u0410\u043d\u0434\u0440\u0456\u0439 \u042f\u0421\u043e\u0440\u043e\u0447\u0430\u043d>, <Student: \u0421\u0435\u0440\u0433\u0456\u0439 \u0412\u0430\u043d\u0456\u043d>])",
        "action_flag": 1,
        "change_message": "Added."
    }
},
{
    "model": "admin.logentry",
    "pk": 43,
    "fields": {
        "action_time": "2016-08-17T17:47:46",
        "user": [
            "admin"
        ],
        "content_type": [
            "students",
            "lecture"
        ],
        "object_id": "2",
        "object_repr": "\u0424\u0456\u0437\u0438\u043a\u0430 (2016-09-17)([<Student: \u0410\u043d\u0434\u0440\u0456\u0439 \u0421\u043e\u0440\u043e\u0447\u0430\u043d>, <Student: \u0410\u043d\u0434\u0440\u0456\u04394 Sorochan4>, <Student: \u042f\u0410\u043d\u0434\u0440\u0456\u0439 \u042f\u0421\u043e\u0440\u043e\u0447\u0430\u043d>, <Student: Curiositi Moon>])",
        "action_flag": 2,
        "change_message": "Changed year and date."
    }
},
{
    "model": "admin.logentry",
    "pk": 44,
    "fields": {
        "action_time": "2016-08-17T17:48:03",
        "user": [
            "admin"
        ],
        "content_type": [
            "students",
            "lecture"
        ],
        "object_id": "7",
        "object_repr": "\u0424\u0456\u0437\u0438\u043a\u0430 (2016-09-09)([<Student: \u0410\u043d\u0434\u0440\u0456\u0439 \u0421\u043e\u0440\u043e\u0447\u0430\u043d>, <Student: \u0410\u043d\u0434\u0440\u0456\u04394 Sorochan4>, <Student: \u042f\u0410\u043d\u0434\u0440\u0456\u0439 \u042f\u0421\u043e\u0440\u043e\u0447\u0430\u043d>, <Student: \u0421\u0435\u0440\u0433\u0456\u0439 \u0412\u0430\u043d\u0456\u043d>])",
        "action_flag": 2,
        "change_message": "Changed date."
    }
},
{
    "model": "admin.logentry",
    "pk": 45,
    "fields": {
        "action_time": "2016-08-17T18:48:16",
        "user": [
            "admin"
        ],
        "content_type": [
            "students",
            "lecture"
        ],
        "object_id": "8",
        "object_repr": "\u0425\u0456\u043c\u0456\u044f (2014-09-09)([<Student: \u0421\u0435\u0440\u0433\u0456\u0439 \u0412\u0430\u043d\u0456\u043d>, <Student: \u0410\u043d\u0434\u0440\u0456\u0439 \u0421\u043e\u0440\u043e\u0447\u0430\u043d>, <Student: \u041f\u0435\u0440\u0448\u0438\u0439 \u0432 MTV2 \u041f\u0440. \u041f\u0435\u0440\u0448\u043e\u0433\u043e>, <Student: Curiositi Moon>, <Student: \u0410\u043d\u0434\u0440\u0456\u04395 Jim>])",
        "action_flag": 1,
        "change_message": "Added."
    }
},
{
    "model": "admin.logentry",
    "pk": 46,
    "fields": {
        "action_time": "2016-08-17T18:49:44",
        "user": [
            "admin"
        ],
        "content_type": [
            "students",
            "student"
        ],
        "object_id": "19",
        "object_repr": "\u0416\u0430\u043d \u0411\u0430\u043b\u0430\u043d",
        "action_flag": 2,
        "change_message": "Changed first_name, last_name and lectures."
    }
},
{
    "model": "admin.logentry",
    "pk": 47,
    "fields": {
        "action_time": "2016-08-20T10:36:41",
        "user": [
            "admin"
        ],
        "content_type": [
            "students",
            "group"
        ],
        "object_id": "5",
        "object_repr": "\u0433\u0440\u0443\u043f\u0430 \u043f\u0435\u0440\u0448\u0430  (\u0410\u043d\u0434\u0440\u0456\u04392,\u0421\u043e\u0440\u043e\u0447\u0430\u043d2)",
        "action_flag": 2,
        "change_message": "Changed title."
    }
},
{
    "model": "admin.logentry",
    "pk": 48,
    "fields": {
        "action_time": "2016-08-20T10:36:52",
        "user": [
            "admin"
        ],
        "content_type": [
            "students",
            "group"
        ],
        "object_id": "3",
        "object_repr": "\u0433\u0440\u0443\u043f\u0430 \u0434\u0440\u0443\u0433\u0430  (\u042f\u0410\u043d\u0434\u0440\u0456\u0439,\u042f\u0421\u043e\u0440\u043e\u0447\u0430\u043d)",
        "action_flag": 2,
        "change_message": "Changed title."
    }
},
{
    "model": "admin.logentry",
    "pk": 49,
    "fields": {
        "action_time": "2016-08-20T10:37:00",
        "user": [
            "admin"
        ],
        "content_type": [
            "students",
            "group"
        ],
        "object_id": "2",
        "object_repr": "\u0433\u0440\u0443\u043f\u0430 \u0442\u0440\u0435\u0442\u044f  (Olena,Dewis)",
        "action_flag": 2,
        "change_message": "Changed title."
    }
},
{
    "model": "admin.logentry",
    "pk": 50,
    "fields": {
        "action_time": "2016-08-20T10:37:15",
        "user": [
            "admin"
        ],
        "content_type": [
            "students",
            "group"
        ],
        "object_id": "1",
        "object_repr": "\u0433\u0440\u0443\u043f\u0430 \u0447\u0435\u0442\u0432\u0435\u0440\u0442\u0430",
        "action_flag": 2,
        "change_message": "Changed title."
    }
},
{
    "model": "admin.logentry",
    "pk": 51,
    "fields": {
        "action_time": "2016-08-20T10:38:11",
        "user": [
            "admin"
        ],
        "content_type": [
            "students",
            "student"
        ],
        "object_id": "10",
        "object_repr": "\u0421\u0435\u0440\u0433\u0456\u0439 \u0412\u0430\u043d\u0456\u043d",
        "action_flag": 2,
        "change_message": "Changed student_group."
    }
},
{
    "model": "admin.logentry",
    "pk": 52,
    "fields": {
        "action_time": "2016-08-20T10:41:44",
        "user": [
            "admin"
        ],
        "content_type": [
            "students",
            "student"
        ],
        "object_id": "18",
        "object_repr": "\u0404\u0432\u0433\u0435\u043d \u041f\u0435\u0440\u043a\u0456\u043d  (\u0433\u0440\u0443\u043f\u0430 \u0442\u0440\u0435\u0442\u044f  (Olena,Dewis))",
        "action_flag": 2,
        "change_message": "Changed first_name and last_name."
    }
},
{
    "model": "admin.logentry",
    "pk": 53,
    "fields": {
        "action_time": "2016-08-20T10:42:24",
        "user": [
            "admin"
        ],
        "content_type": [
            "students",
            "group"
        ],
        "object_id": "5",
        "object_repr": "422  (\u0410\u043d\u0434\u0440\u0456\u04392,\u0421\u043e\u0440\u043e\u0447\u0430\u043d2)",
        "action_flag": 2,
        "change_message": "Changed title."
    }
},
{
    "model": "admin.logentry",
    "pk": 54,
    "fields": {
        "action_time": "2016-08-20T10:42:33",
        "user": [
            "admin"
        ],
        "content_type": [
            "students",
            "group"
        ],
        "object_id": "3",
        "object_repr": "426  (\u042f\u0410\u043d\u0434\u0440\u0456\u0439,\u042f\u0421\u043e\u0440\u043e\u0447\u0430\u043d)",
        "action_flag": 2,
        "change_message": "Changed title."
    }
},
{
    "model": "admin.logentry",
    "pk": 55,
    "fields": {
        "action_time": "2016-08-20T10:42:42",
        "user": [
            "admin"
        ],
        "content_type": [
            "students",
            "group"
        ],
        "object_id": "2",
        "object_repr": "406  (Olena,Dewis)",
        "action_flag": 2,
        "change_message": "Changed title."
    }
},
{
    "model": "admin.logentry",
    "pk": 56,
    "fields": {
        "action_time": "2016-08-20T10:42:48",
        "user": [
            "admin"
        ],
        "content_type": [
            "students",
            "group"
        ],
        "object_id": "1",
        "object_repr": "509",
        "action_flag": 2,
        "change_message": "Changed title."
    }
},
{
    "model": "admin.logentry",
    "pk": 57,
    "fields": {
        "action_time": "2016-08-20T10:43:39",
        "user": [
            "admin"
        ],
        "content_type": [
            "students",
            "student"
        ],
        "object_id": "15",
        "object_repr": "Nebo Sune  (406  (Olena,Dewis))",
        "action_flag": 2,
        "change_message": "Changed student_group and lectures."
    }
},
{
    "model": "admin.logentry",
    "pk": 58,
    "fields": {
        "action_time": "2016-08-20T10:43:53",
        "user": [
            "admin"
        ],
        "content_type": [
            "students",
            "student"
        ],
        "object_id": "13",
        "object_repr": "Tim Sting  (509)",
        "action_flag": 2,
        "change_message": "Changed lectures."
    }
},
{
    "model": "admin.logentry",
    "pk": 59,
    "fields": {
        "action_time": "2016-08-20T10:44:12",
        "user": [
            "admin"
        ],
        "content_type": [
            "students",
            "student"
        ],
        "object_id": "11",
        "object_repr": "Alex Antoni  (426  (\u042f\u0410\u043d\u0434\u0440\u0456\u0439,\u042f\u0421\u043e\u0440\u043e\u0447\u0430\u043d))",
        "action_flag": 2,
        "change_message": "Changed student_group and lectures."
    }
},
{
    "model": "admin.logentry",
    "pk": 60,
    "fields": {
        "action_time": "2016-08-20T10:44:25",
        "user": [
            "admin"
        ],
        "content_type": [
            "students",
            "student"
        ],
        "object_id": "6",
        "object_repr": "\u0410\u043d\u0434\u0440\u0456\u04394 Sorochan4  (406  (Olena,Dewis))",
        "action_flag": 2,
        "change_message": "Changed student_group."
    }
},
{
    "model": "admin.logentry",
    "pk": 61,
    "fields": {
        "action_time": "2016-08-20T10:44:34",
        "user": [
            "admin"
        ],
        "content_type": [
            "students",
            "student"
        ],
        "object_id": "9",
        "object_repr": "\u0410\u0410\u043d\u0434\u0440\u0456\u0439 \u0410\u0421\u043e\u0440\u043e\u0447\u0430\u043d  (422  (\u0410\u043d\u0434\u0440\u0456\u04392,\u0421\u043e\u0440\u043e\u0447\u0430\u043d2))",
        "action_flag": 2,
        "change_message": "Changed student_group."
    }
},
{
    "model": "admin.logentry",
    "pk": 62,
    "fields": {
        "action_time": "2016-08-20T10:44:42",
        "user": [
            "admin"
        ],
        "content_type": [
            "students",
            "student"
        ],
        "object_id": "8",
        "object_repr": "\u042f\u0410\u043d\u0434\u0440\u0456\u0439 \u042f\u0421\u043e\u0440\u043e\u0447\u0430\u043d  (406  (Olena,Dewis))",
        "action_flag": 2,
        "change_message": "Changed student_group."
    }
},
{
    "model": "admin.logentry",
    "pk": 63,
    "fields": {
        "action_time": "2016-08-20T10:44:49",
        "user": [
            "admin"
        ],
        "content_type": [
            "students",
            "student"
        ],
        "object_id": "5",
        "object_repr": "\u0410\u041d\u0414\u0420\u0406\u0419 \u0421\u041e\u0420\u041e\u0427\u0410\u041d  (426  (\u042f\u0410\u043d\u0434\u0440\u0456\u0439,\u042f\u0421\u043e\u0440\u043e\u0447\u0430\u043d))",
        "action_flag": 2,
        "change_message": "Changed student_group."
    }
},
{
    "model": "admin.logentry",
    "pk": 64,
    "fields": {
        "action_time": "2016-08-20T10:44:57",
        "user": [
            "admin"
        ],
        "content_type": [
            "students",
            "student"
        ],
        "object_id": "3",
        "object_repr": "\u0410\u043d\u0434\u0440\u0456\u0439 \u0421\u043e\u0440\u043e\u0447\u0430\u043d  (422  (\u0410\u043d\u0434\u0440\u0456\u04392,\u0421\u043e\u0440\u043e\u0447\u0430\u043d2))",
        "action_flag": 2,
        "change_message": "Changed student_group."
    }
},
{
    "model": "admin.logentry",
    "pk": 65,
    "fields": {
        "action_time": "2016-08-20T10:45:04",
        "user": [
            "admin"
        ],
        "content_type": [
            "students",
            "student"
        ],
        "object_id": "2",
        "object_repr": "\u0410\u043d\u0434\u0440\u0456\u04392 \u0421\u043e\u0440\u043e\u0447\u0430\u043d2  (422  (\u0410\u043d\u0434\u0440\u0456\u04392,\u0421\u043e\u0440\u043e\u0447\u0430\u043d2))",
        "action_flag": 2,
        "change_message": "Changed student_group."
    }
},
{
    "model": "admin.logentry",
    "pk": 66,
    "fields": {
        "action_time": "2016-08-21T07:35:46",
        "user": [
            "admin"
        ],
        "content_type": [
            "students",
            "teacher"
        ],
        "object_id": "2",
        "object_repr": "\u0410\u043d\u0434\u0440\u0456\u0439 \u041a\u043e\u0436\u0435\u0432\u0438\u0439",
        "action_flag": 1,
        "change_message": "Added."
    }
},
{
    "model": "admin.logentry",
    "pk": 67,
    "fields": {
        "action_time": "2016-08-21T07:36:13",
        "user": [
            "admin"
        ],
        "content_type": [
            "students",
            "teacher"
        ],
        "object_id": "3",
        "object_repr": "\u041c\u0430\u0440\u0456\u044f \u041f\u0440\u0438\u0449\u0435\u043f\u043a\u0456\u043d\u0430",
        "action_flag": 1,
        "change_message": "Added."
    }
},
{
    "model": "admin.logentry",
    "pk": 68,
    "fields": {
        "action_time": "2016-08-21T07:36:52",
        "user": [
            "admin"
        ],
        "content_type": [
            "students",
            "teacher"
        ],
        "object_id": "4",
        "object_repr": "\u0421\u0435\u0440\u0433\u0456\u0439 \u0420\u0435\u043d\u043a\u0456\u043d",
        "action_flag": 1,
        "change_message": "Added."
    }
},
{
    "model": "admin.logentry",
    "pk": 69,
    "fields": {
        "action_time": "2016-08-21T07:38:10",
        "user": [
            "admin"
        ],
        "content_type": [
            "students",
            "exam"
        ],
        "object_id": "1",
        "object_repr": "\u0424\u0456\u0437\u0438\u043a\u0430 2017-05-24 12:00:00+00:00",
        "action_flag": 1,
        "change_message": "Added."
    }
},
{
    "model": "admin.logentry",
    "pk": 70,
    "fields": {
        "action_time": "2016-08-21T07:38:39",
        "user": [
            "admin"
        ],
        "content_type": [
            "students",
            "exam"
        ],
        "object_id": "2",
        "object_repr": "\u0425\u0456\u043c\u0456\u044f 2017-05-30 13:00:00+00:00",
        "action_flag": 1,
        "change_message": "Added."
    }
},
{
    "model": "admin.logentry",
    "pk": 71,
    "fields": {
        "action_time": "2016-08-21T10:47:05",
        "user": [
            "admin"
        ],
        "content_type": [
            "students",
            "subject"
        ],
        "object_id": "3",
        "object_repr": "\u0410\u043d\u0433\u043b\u0456\u0439\u0441\u044c\u043a\u0430",
        "action_flag": 1,
        "change_message": "Added."
    }
},
{
    "model": "admin.logentry",
    "pk": 72,
    "fields": {
        "action_time": "2016-08-21T10:47:32",
        "user": [
            "admin"
        ],
        "content_type": [
            "students",
            "subject"
        ],
        "object_id": "4",
        "object_repr": "\u041c\u0430\u0442\u0435\u0440\u0456\u0430\u043b\u043e\u0437\u043d\u0430\u0432\u0441\u0442\u0432\u043e",
        "action_flag": 1,
        "change_message": "Added."
    }
},
{
    "model": "admin.logentry",
    "pk": 73,
    "fields": {
        "action_time": "2016-08-21T10:48:01",
        "user": [
            "admin"
        ],
        "content_type": [
            "students",
            "subject"
        ],
        "object_id": "5",
        "object_repr": "\u0424\u0456\u043b\u043e\u0441\u043e\u0444\u0456\u044f",
        "action_flag": 1,
        "change_message": "Added."
    }
},
{
    "model": "admin.logentry",
    "pk": 74,
    "fields": {
        "action_time": "2016-08-21T10:48:28",
        "user": [
            "admin"
        ],
        "content_type": [
            "students",
            "exam"
        ],
        "object_id": "3",
        "object_repr": "\u0410\u043d\u0433\u043b\u0456\u0439\u0441\u044c\u043a\u0430 2016-08-21 10:48:23+00:00",
        "action_flag": 1,
        "change_message": "Added."
    }
},
{
    "model": "admin.logentry",
    "pk": 75,
    "fields": {
        "action_time": "2016-08-21T10:48:43",
        "user": [
            "admin"
        ],
        "content_type": [
            "students",
            "exam"
        ],
        "object_id": "4",
        "object_repr": "\u041c\u0430\u0442\u0435\u0440\u0456\u0430\u043b\u043e\u0437\u043d\u0430\u0432\u0441\u0442\u0432\u043e 2016-08-21 10:48:40+00:00",
        "action_flag": 1,
        "change_message": "Added."
    }
},
{
    "model": "admin.logentry",
    "pk": 76,
    "fields": {
        "action_time": "2016-08-21T10:48:58",
        "user": [
            "admin"
        ],
        "content_type": [
            "students",
            "exam"
        ],
        "object_id": "5",
        "object_repr": "\u0424\u0456\u043b\u043e\u0441\u043e\u0444\u0456\u044f 2016-08-21 10:48:50+00:00",
        "action_flag": 1,
        "change_message": "Added."
    }
},
{
    "model": "admin.logentry",
    "pk": 77,
    "fields": {
        "action_time": "2016-08-21T10:49:08",
        "user": [
            "admin"
        ],
        "content_type": [
            "students",
            "exam"
        ],
        "object_id": "6",
        "object_repr": "\u0410\u043d\u0433\u043b\u0456\u0439\u0441\u044c\u043a\u0430 2016-08-21 10:49:05+00:00",
        "action_flag": 1,
        "change_message": "Added."
    }
},
{
    "model": "admin.logentry",
    "pk": 78,
    "fields": {
        "action_time": "2016-08-21T10:49:20",
        "user": [
            "admin"
        ],
        "content_type": [
            "students",
            "exam"
        ],
        "object_id": "7",
        "object_repr": "\u041c\u0430\u0442\u0435\u0440\u0456\u0430\u043b\u043e\u0437\u043d\u0430\u0432\u0441\u0442\u0432\u043e 2016-08-21 10:49:14+00:00",
        "action_flag": 1,
        "change_message": "Added."
    }
},
{
    "model": "admin.logentry",
    "pk": 79,
    "fields": {
        "action_time": "2016-08-24T17:12:13",
        "user": [
            "admin"
        ],
        "content_type": [
            "students",
            "teacher"
        ],
        "object_id": "2",
        "object_repr": "\u041a\u043e\u0436\u0435\u0432\u0438\u0439 \u042f\u0440\u043e\u0441\u043b\u0430\u0432",
        "action_flag": 2,
        "change_message": "Changed first_name."
    }
},
{
    "model": "admin.logentry",
    "pk": 80,
    "fields": {
        "action_time": "2016-08-24T17:12:46",
        "user": [
            "admin"
        ],
        "content_type": [
            "students",
            "teacher"
        ],
        "object_id": "4",
        "object_repr": "\u0420\u0435\u043d\u043a\u0456\u043d \u0410\u043d\u0434\u0440\u0456\u0439",
        "action_flag": 2,
        "change_message": "Changed first_name."
    }
},
{
    "model": "admin.logentry",
    "pk": 81,
    "fields": {
        "action_time": "2016-08-28T11:14:54",
        "user": [
            "admin"
        ],
        "content_type": [
            "students",
            "student"
        ],
        "object_id": "20",
        "object_repr": "\u0406\u0432\u0430\u043d \u0424\u0440\u0430\u043d\u043a\u043e  (\u0413\u0440\u0443\u043f\u0430 509)",
        "action_flag": 1,
        "change_message": "Added."
    }
},
{
    "model": "admin.logentry",
    "pk": 82,
    "fields": {
        "action_time": "2016-08-28T11:15:25",
        "user": [
            "admin"
        ],
        "content_type": [
            "students",
            "student"
        ],
        "object_id": "21",
        "object_repr": "\u041f\u0435\u0442\u0440 \u0421\u043a\u0440\u0438\u043f\u0456\u043d  (\u0413\u0440\u0443\u043f\u0430 426)",
        "action_flag": 1,
        "change_message": "Added."
    }
},
{
    "model": "admin.logentry",
    "pk": 83,
    "fields": {
        "action_time": "2016-08-28T11:15:48",
        "user": [
            "admin"
        ],
        "content_type": [
            "students",
            "student"
        ],
        "object_id": "22",
        "object_repr": "\u0421\u0432\u0456\u0442\u043b\u0430\u043d\u0430 \u041e\u043d\u0438\u0449\u0435\u043d\u043a\u043e  (\u0413\u0440\u0443\u043f\u0430 426)",
        "action_flag": 1,
        "change_message": "Added."
    }
},
{
    "model": "admin.logentry",
    "pk": 84,
    "fields": {
        "action_time": "2016-08-28T11:35:12",
        "user": [
            "admin"
        ],
        "content_type": [
            "students",
            "student"
        ],
        "object_id": "22",
        "object_repr": "\u0421\u0432\u0456\u0442\u043b\u0430\u043d\u0430 \u041e\u043d\u0438\u0449\u0435\u043d\u043a\u043e  (\u0413\u0440\u0443\u043f\u0430 426)",
        "action_flag": 2,
        "change_message": "Changed photo and lectures."
    }
},
{
    "model": "admin.logentry",
    "pk": 85,
    "fields": {
        "action_time": "2016-08-28T11:35:28",
        "user": [
            "admin"
        ],
        "content_type": [
            "students",
            "student"
        ],
        "object_id": "22",
        "object_repr": "\u0421\u0432\u0456\u0442\u043b\u0430\u043d\u0430 \u041e\u043d\u0438\u0449\u0435\u043d\u043a\u043e  (\u0413\u0440\u0443\u043f\u0430 426)",
        "action_flag": 2,
        "change_message": "Changed birthday."
    }
},
{
    "model": "admin.logentry",
    "pk": 86,
    "fields": {
        "action_time": "2016-08-28T11:37:20",
        "user": [
            "admin"
        ],
        "content_type": [
            "students",
            "student"
        ],
        "object_id": "16",
        "object_repr": "Olena Dewis  (\u0413\u0440\u0443\u043f\u0430 426)",
        "action_flag": 2,
        "change_message": "Changed birthday, photo and lectures."
    }
},
{
    "model": "admin.logentry",
    "pk": 87,
    "fields": {
        "action_time": "2016-08-28T11:37:42",
        "user": [
            "admin"
        ],
        "content_type": [
            "students",
            "student"
        ],
        "object_id": "15",
        "object_repr": "Nebo Sune  (\u0413\u0440\u0443\u043f\u0430 406)",
        "action_flag": 2,
        "change_message": "Changed birthday and photo."
    }
},
{
    "model": "admin.logentry",
    "pk": 88,
    "fields": {
        "action_time": "2016-08-28T11:37:58",
        "user": [
            "admin"
        ],
        "content_type": [
            "students",
            "student"
        ],
        "object_id": "14",
        "object_repr": "Curiositi Moon  (\u0413\u0440\u0443\u043f\u0430 406)",
        "action_flag": 2,
        "change_message": "Changed photo."
    }
},
{
    "model": "admin.logentry",
    "pk": 89,
    "fields": {
        "action_time": "2016-08-28T11:38:13",
        "user": [
            "admin"
        ],
        "content_type": [
            "students",
            "student"
        ],
        "object_id": "9",
        "object_repr": "\u0410\u0410\u043d\u0434\u0440\u0456\u0439 \u0410\u0421\u043e\u0440\u043e\u0447\u0430\u043d  (\u0413\u0440\u0443\u043f\u0430 422)",
        "action_flag": 2,
        "change_message": "Changed photo."
    }
},
{
    "model": "admin.logentry",
    "pk": 90,
    "fields": {
        "action_time": "2016-08-28T11:38:37",
        "user": [
            "admin"
        ],
        "content_type": [
            "students",
            "student"
        ],
        "object_id": "20",
        "object_repr": "\u0406\u0432\u0430\u043d \u0424\u0440\u0430\u043d\u043a\u043e  (\u0413\u0440\u0443\u043f\u0430 509)",
        "action_flag": 2,
        "change_message": "Changed birthday and lectures."
    }
},
{
    "model": "admin.logentry",
    "pk": 91,
    "fields": {
        "action_time": "2016-08-28T11:39:05",
        "user": [
            "admin"
        ],
        "content_type": [
            "students",
            "student"
        ],
        "object_id": "19",
        "object_repr": "\u0416\u0430\u043d \u0411\u0430\u043b\u0430\u043d  (\u0413\u0440\u0443\u043f\u0430 426)",
        "action_flag": 2,
        "change_message": "Changed birthday."
    }
},
{
    "model": "admin.logentry",
    "pk": 92,
    "fields": {
        "action_time": "2016-08-28T11:39:34",
        "user": [
            "admin"
        ],
        "content_type": [
            "students",
            "student"
        ],
        "object_id": "18",
        "object_repr": "\u0404\u0432\u0433\u0435\u043d \u041f\u0435\u0440\u043a\u0456\u043d  (\u0413\u0440\u0443\u043f\u0430 406)",
        "action_flag": 2,
        "change_message": "Changed birthday and lectures."
    }
},
{
    "model": "admin.logentry",
    "pk": 93,
    "fields": {
        "action_time": "2016-08-28T11:40:02",
        "user": [
            "admin"
        ],
        "content_type": [
            "students",
            "student"
        ],
        "object_id": "13",
        "object_repr": "Tim Sting  (\u0413\u0440\u0443\u043f\u0430 509)",
        "action_flag": 2,
        "change_message": "Changed photo."
    }
},
{
    "model": "admin.logentry",
    "pk": 94,
    "fields": {
        "action_time": "2016-08-28T11:40:34",
        "user": [
            "admin"
        ],
        "content_type": [
            "students",
            "student"
        ],
        "object_id": "12",
        "object_repr": "Wiki Pedija  (\u0413\u0440\u0443\u043f\u0430 509)",
        "action_flag": 2,
        "change_message": "Changed photo."
    }
},
{
    "model": "admin.logentry",
    "pk": 95,
    "fields": {
        "action_time": "2016-08-28T11:40:45",
        "user": [
            "admin"
        ],
        "content_type": [
            "students",
            "student"
        ],
        "object_id": "11",
        "object_repr": "Alex Antoni  (\u0413\u0440\u0443\u043f\u0430 426)",
        "action_flag": 2,
        "change_message": "Changed photo."
    }
},
{
    "model": "admin.logentry",
    "pk": 96,
    "fields": {
        "action_time": "2016-08-28T11:41:00",
        "user": [
            "admin"
        ],
        "content_type": [
            "students",
            "student"
        ],
        "object_id": "11",
        "object_repr": "Alex Antoni  (\u0413\u0440\u0443\u043f\u0430 426)",
        "action_flag": 2,
        "change_message": "Changed birthday."
    }
},
{
    "model": "admin.logentry",
    "pk": 97,
    "fields": {
        "action_time": "2016-08-28T11:41:12",
        "user": [
            "admin"
        ],
        "content_type": [
            "students",
            "student"
        ],
        "object_id": "8",
        "object_repr": "\u042f\u0410\u043d\u0434\u0440\u0456\u0439 \u042f\u0421\u043e\u0440\u043e\u0447\u0430\u043d  (\u0413\u0440\u0443\u043f\u0430 406)",
        "action_flag": 2,
        "change_message": "Changed photo."
    }
},
{
    "model": "admin.logentry",
    "pk": 98,
    "fields": {
        "action_time": "2016-08-28T11:41:27",
        "user": [
            "admin"
        ],
        "content_type": [
            "students",
            "student"
        ],
        "object_id": "8",
        "object_repr": "\u042f\u0410\u043d\u0434\u0440\u0456\u0439 \u042f\u0421\u043e\u0440\u043e\u0447\u0430\u043d  (\u0413\u0440\u0443\u043f\u0430 406)",
        "action_flag": 2,
        "change_message": "Changed birthday."
    }
},
{
    "model": "admin.logentry",
    "pk": 99,
    "fields": {
        "action_time": "2016-08-28T11:42:26",
        "user": [
            "admin"
        ],
        "content_type": [
            "students",
            "student"
        ],
        "object_id": "2",
        "object_repr": "\u0410\u043d\u0434\u0440\u0456\u04392 \u0421\u043e\u0440\u043e\u0447\u0430\u043d2  (\u0413\u0440\u0443\u043f\u0430 422)",
        "action_flag": 2,
        "change_message": "Changed birthday and photo."
    }
},
{
    "model": "admin.logentry",
    "pk": 100,
    "fields": {
        "action_time": "2016-08-28T11:42:36",
        "user": [
            "admin"
        ],
        "content_type": [
            "students",
            "student"
        ],
        "object_id": "5",
        "object_repr": "\u0410\u041d\u0414\u0420\u0406\u0419 \u0421\u041e\u0420\u041e\u0427\u0410\u041d  (\u0413\u0440\u0443\u043f\u0430 426)",
        "action_flag": 2,
        "change_message": "Changed photo."
    }
},
{
    "model": "admin.logentry",
    "pk": 101,
    "fields": {
        "action_time": "2016-08-28T11:43:12",
        "user": [
            "admin"
        ],
        "content_type": [
            "students",
            "student"
        ],
        "object_id": "6",
        "object_repr": "\u0410\u043d\u0434\u0440\u0456\u04394 Sorochan4  (\u0413\u0440\u0443\u043f\u0430 406)",
        "action_flag": 2,
        "change_message": "Changed photo."
    }
},
{
    "model": "admin.logentry",
    "pk": 102,
    "fields": {
        "action_time": "2016-08-29T11:55:13",
        "user": [
            "admin"
        ],
        "content_type": [
            "students",
            "student"
        ],
        "object_id": "10",
        "object_repr": "\u0421\u0435\u0440\u0433\u0456\u0439 \u0412\u0430\u043d\u0456\u043d  (\u0413\u0440\u0443\u043f\u0430 422)",
        "action_flag": 2,
        "change_message": "\u0417\u043c\u0456\u043d\u0435\u043d\u043e photo."
    }
},
{
    "model": "admin.logentry",
    "pk": 103,
    "fields": {
        "action_time": "2016-08-29T11:56:11",
        "user": [
            "admin"
        ],
        "content_type": [
            "students",
            "student"
        ],
        "object_id": "3",
        "object_repr": "\u0410\u043d\u0434\u0440\u0456\u0439 \u0421\u043e\u0440\u043e\u0447\u0430\u043d  (\u0413\u0440\u0443\u043f\u0430 422)",
        "action_flag": 2,
        "change_message": "\u0417\u043c\u0456\u043d\u0435\u043d\u043e photo."
    }
},
{
    "model": "admin.logentry",
    "pk": 104,
    "fields": {
        "action_time": "2016-08-29T11:56:54",
        "user": [
            "admin"
        ],
        "content_type": [
            "students",
            "student"
        ],
        "object_id": "7",
        "object_repr": "\u0410\u043d\u0434\u0440\u0456\u04395 Jim  (\u0413\u0440\u0443\u043f\u0430 509)",
        "action_flag": 2,
        "change_message": "\u0417\u043c\u0456\u043d\u0435\u043d\u043e photo."
    }
}
]
